insert into role(code,name) values('ADMIN','Quản trị');
insert into role(code,name) values('USER','Người dùng');

INSERT INTO `categorys` (`id`, `name`, `description`) VALUES
(1, 'Đồng hồ', NULL),
(2, 'Vòng tay', NULL),
(3, 'Dây đeo tay', NULL),
(4, 'Dây chuyền', NULL);


INSERT INTO `products` (`id`, `id_category`, `sizes`, `name`, `price`, `sale`, `title`, `highlight`, `new_product`, `detail`, `createddate`, `modifieddate`) VALUES
(1, 1, 'L,M,S', 'Manicure & Pedicure', '20000', 0, 'Nowadays the lingerie industry is one of the most successful business spheres. Nowadays the lingerie industry is one of ...', 1, 0, '<div class=\"tab-pane fade active in\" id=\"home\">\r\n			  <h4>Product Information</h4>\r\n                <table class=\"table table-striped\">\r\n				<tbody>\r\n				<tr class=\"techSpecRow\"><td class=\"techSpecTD1\">Color:</td><td class=\"techSpecTD2\">Black</td></tr>\r\n				<tr class=\"techSpecRow\"><td class=\"techSpecTD1\">Style:</td><td class=\"techSpecTD2\">Apparel,Sports</td></tr>\r\n				<tr class=\"techSpecRow\"><td class=\"techSpecTD1\">Season:</td><td class=\"techSpecTD2\">spring/summer</td></tr>\r\n				<tr class=\"techSpecRow\"><td class=\"techSpecTD1\">Usage:</td><td class=\"techSpecTD2\">fitness</td></tr>\r\n				<tr class=\"techSpecRow\"><td class=\"techSpecTD1\">Sport:</td><td class=\"techSpecTD2\">122855031</td></tr>\r\n				<tr class=\"techSpecRow\"><td class=\"techSpecTD1\">Brand:</td><td class=\"techSpecTD2\">Shock Absorber</td></tr>\r\n				</tbody>\r\n				</table>\r\n				<p>Raw denim you probably haven\'t heard of them jean shorts Austin. Nesciunt tofu stumptown aliqua, retro synth master cleanse. Mustache cliche tempor, williamsburg carles vegan helvetica. Reprehenderit butcher retro keffiyeh dreamcatcher synth. Cosby sweater eu banh mi, qui irure terry richardson ex squid. Aliquip placeat salvia cillum iphone. Seitan aliquip quis cardigan american apparel, butcher voluptate nisi qui.</p>\r\n				<p>Raw denim you probably haven\'t heard of them jean shorts Austin. Nesciunt tofu stumptown aliqua, retro synth master cleanse. Mustache cliche tempor, williamsburg carles vegan helvetica. Reprehenderit butcher retro keffiyeh dreamcatcher synth. Cosby sweater eu banh mi, qui irure terry richardson ex squid. Aliquip placeat salvia cillum iphone. Seitan aliquip quis cardigan american apparel, butcher voluptate nisi qui.</p>\r\n				<p>Raw denim you probably haven\'t heard of them jean shorts Austin. Nesciunt tofu stumptown aliqua, retro synth master cleanse. Mustache cliche tempor, williamsburg carles vegan helvetica. Reprehenderit butcher retro keffiyeh dreamcatcher synth. Cosby sweater eu banh mi, qui irure terry richardson ex squid. Aliquip placeat salvia cillum iphone. Seitan aliquip quis cardigan american apparel, butcher voluptate nisi qui.</p>\r\n				<p>Raw denim you probably haven\'t heard of them jean shorts Austin. Nesciunt tofu stumptown aliqua, retro synth master cleanse. Mustache cliche tempor, williamsburg carles vegan helvetica. Reprehenderit butcher retro keffiyeh dreamcatcher synth. Cosby sweater eu banh mi, qui irure terry richardson ex squid. Aliquip placeat salvia cillum iphone. Seitan aliquip quis cardigan american apparel, butcher voluptate nisi qui.</p>\r\n				<p>Raw denim you probably haven\'t heard of them jean shorts Austin. Nesciunt tofu stumptown aliqua, retro synth master cleanse. Mustache cliche tempor, williamsburg carles vegan helvetica. Reprehenderit butcher retro keffiyeh dreamcatcher synth. Cosby sweater eu banh mi, qui irure terry richardson ex squid. Aliquip placeat salvia cillum iphone. Seitan aliquip quis cardigan american apparel, butcher voluptate nisi qui.</p>\r\n				<p>Raw denim you probably haven\'t heard of them jean shorts Austin. Nesciunt tofu stumptown aliqua, retro synth master cleanse. Mustache cliche tempor, williamsburg carles vegan helvetica. Reprehenderit butcher retro keffiyeh dreamcatcher synth. Cosby sweater eu banh mi, qui irure terry richardson ex squid. Aliquip placeat salvia cillum iphone. Seitan aliquip quis cardigan american apparel, butcher voluptate nisi qui.</p>\r\n				<p>Raw denim you probably haven\'t heard of them jean shorts Austin. Nesciunt tofu stumptown aliqua, retro synth master cleanse. Mustache cliche tempor, williamsburg carles vegan helvetica. Reprehenderit butcher retro keffiyeh dreamcatcher synth. Cosby sweater eu banh mi, qui irure terry richardson ex squid. Aliquip placeat salvia cillum iphone. Seitan aliquip quis cardigan american apparel, butcher voluptate nisi qui.</p>\r\n				<p>Raw denim you probably haven\'t heard of them jean shorts Austin. Nesciunt tofu stumptown aliqua, retro synth master cleanse. Mustache cliche tempor, williamsburg carles vegan helvetica. Reprehenderit butcher retro keffiyeh dreamcatcher synth. Cosby sweater eu banh mi, qui irure terry richardson ex squid. Aliquip placeat salvia cillum iphone. Seitan aliquip quis cardigan american apparel, butcher voluptate nisi qui.</p>\r\n\r\n			</div>', '2020-04-09 11:38:43', '2020-04-09 11:47:31'),
(2, 1, 'L,S,M', 'Name', '200000', 0, 'tital', 1, 0, 'details', '2020-04-09 11:38:43', '2020-04-09 11:38:43'),
(3, 1, 'L,S,M', 'Name', '200000', 0, 'tital', 1, 0, 'details', '2020-04-09 11:38:43', '2020-04-09 11:38:43'),
(4, 1, 'L,S,M', 'Name', '200000', 0, 'tital', 1, 0, 'details', '2020-04-09 11:38:43', '2020-04-09 11:38:43'),
(5, 1, 'L,S,M', 'Name', '200000', 0, 'tital', 1, 0, 'details', '2020-04-09 11:38:43', '2020-04-09 11:38:43'),
(6, 1, 'L,S,M', 'Bông tai bạc', '200000', 0, 'tital', 1, 0, 'details', '2020-04-09 11:38:43', '2020-04-09 11:38:43'),
(7, 1, 'L,S,M', 'Name', '200000', 0, 'tital', 1, 0, 'details', '2020-04-09 11:38:43', '2020-04-09 11:38:43'),
(8, 1, 'L,S,M', 'Name', '200000', 0, 'tital', 1, 0, 'details', '2020-04-09 11:38:43', '2020-04-09 11:38:43'),
(9, 1, 'L,S,M', 'Name', '200000', 0, 'tital', 1, 0, 'details', '2020-04-09 11:38:43', '2020-04-09 11:38:43'),
(10, 1, 'L,S,M', 'Name', '200000', 0, 'tital', 1, 0, 'details', '2020-04-09 11:38:43', '2020-04-09 11:38:43'),
(11, 1, 'L,S,M', 'Name', '200000', 0, 'tital', 1, 0, 'details', '2020-04-09 11:38:43', '2020-04-09 11:38:43'),
(12, 1, 'L,S,M', 'Name', '200000', 0, 'tital', 1, 0, 'details', '2020-04-09 11:38:43', '2020-04-09 11:38:43'),
(13, 1, 'L,S,M', 'Name', '200000', 0, 'tital', 1, 0, 'details', '2020-04-09 11:38:43', '2020-04-09 11:38:43'),
(14, 1, 'L,S,M', 'Name', '200000', 0, 'tital', 1, 0, 'details', '2020-04-09 11:38:43', '2020-04-09 11:38:43'),
(15, 1, 'L,S,M', 'Name', '200000', 0, 'tital', 1, 0, 'details', '2020-04-09 11:38:43', '2020-04-09 11:38:43'),
(16, 1, 'L,S,M', 'Name', '200000', 0, 'tital', 1, 0, 'details', '2020-04-09 11:38:43', '2020-04-09 11:38:43'),
(17, 1, 'L,S,M', 'Name', '200000', 0, 'tital', 1, 0, 'details', '2020-04-09 11:38:43', '2020-04-09 11:38:43'),
(18, 1, 'L,S,M', 'Name', '200000', 0, 'tital', 1, 0, 'details', '2020-04-09 11:38:43', '2020-04-09 11:38:43'),
(19, 1, 'L,S,M', 'Name', '200000', 0, 'tital', 1, 0, 'details', '2020-04-09 11:38:43', '2020-04-09 11:38:43'),
(20, 1, 'L,S,M', 'Name', '200000', 0, 'tital', 1, 0, 'details', '2020-04-09 11:38:43', '2020-04-09 11:38:43'),
(21, 1, 'L,S,M', 'Name', '200000', 0, 'tital', 1, 0, 'details', '2020-04-09 11:38:43', '2020-04-09 11:38:43'),
(22, 1, 'L,S,M', 'Name', '200000', 0, 'tital', 1, 0, 'details', '2020-04-09 11:38:43', '2020-04-09 11:38:43'),
(23, 1, 'L,S,M', 'Name', '200000', 0, 'tital', 1, 0, 'details', '2020-04-09 11:38:43', '2020-04-09 11:38:43'),
(24, 1, 'L,S,M', 'Name', '200000', 0, 'tital', 1, 0, 'details', '2020-04-09 11:38:43', '2020-04-09 11:38:43'),
(25, 1, 'L,S,M', 'Name', '200000', 0, 'tital', 1, 0, 'details', '2020-04-09 11:38:43', '2020-04-09 11:38:43'),
(26, 1, 'L,S,M', 'Name', '200000', 0, 'tital', 1, 0, 'details', '2020-04-09 11:38:43', '2020-04-09 11:38:43'),
(27, 1, 'L,S,M', 'Name', '200000', 0, 'tital', 1, 0, 'details', '2020-04-09 11:38:43', '2020-04-09 11:38:43'),
(28, 1, 'L,S,M', 'Name', '200000', 0, 'tital', 1, 0, 'details', '2020-04-09 11:38:43', '2020-04-09 11:38:43');


INSERT INTO `colors` (`id`, `id_product`, `name`, `code`, `img`) VALUES
(1, 1, 'Vàng', '#FFFF00', 'a.jpg'),
(2, 1, 'Xanh', '#FFFF00', 'b.jpg'),
(3, 2, 'Vàng', '#FFFF00', 'c.jpg'),
(4, 2, 'Xanh', '#FFFF00', 'd.jpg'),
(5, 5, 'Vàng', '#FFFF00', 'e.jpg'),
(6, 6, 'Vàng', '#FFFF00', 'g.jpg'),
(7, 7, 'Vàng', '#FFFF00', 'h.jpg'),
(8, 8, 'Vàng', '#FFFF00', 'i.jpg'),
(9, 9, 'Vàng', '#FFFF00', 'b.jpg'),
(10, 10, 'Vàng', '#FFFF00', 'b.jpg'),
(11, 11, 'Vàng', '#FFFF00', 'b.jpg'),
(12, 12, 'Vàng', '#FFFF00', 'b.jpg'),
(13, 13, 'Vàng', '#FFFF00', 'b.jpg'),
(14, 14, 'Vàng', '#FFFF00', 'b.jpg'),
(15, 15, 'Vàng', '#FFFF00', 'b.jpg'),
(16, 16, 'Vàng', '#FFFF00', 'b.jpg'),
(17, 17, 'Vàng', '#FFFF00', 'b.jpg'),
(18, 18, 'Vàng', '#FFFF00', 'b.jpg'),
(19, 19, 'Vàng', '#FFFF00', 'b.jpg'),
(20, 20, 'Vàng', '#FFFF00', 'b.jpg'),
(21, 21, 'Vàng', '#FFFF00', 'b.jpg'),
(22, 22, 'Vàng', '#FFFF00', 'b.jpg'),
(23, 23, 'Vàng', '#FFFF00', 'b.jpg'),
(24, 24, 'Vàng', '#FFFF00', 'b.jpg'),
(25, 25, 'Vàng', '#FFFF00', 'b.jpg');

insert into users(email,password,display_name,status)
values('admin@gmail.com','$2a$10$/RUbuT9KIqk6f8enaTQiLOXzhnUkiwEJRdtzdrMXXwU7dgnLKTCYG','Nguyễn Văn Dũng',1);
insert into users(email,password,display_name,status)
values('nguyenvana@gmail.com','$2a$10$/RUbuT9KIqk6f8enaTQiLOXzhnUkiwEJRdtzdrMXXwU7dgnLKTCYG','nguyễn Văn An',1);
insert into users(email,password,display_name,status)
values('nguyenvanb@gmail.com','$2a$10$/RUbuT9KIqk6f8enaTQiLOXzhnUkiwEJRdtzdrMXXwU7dgnLKTCYG','nguyễn Văn Bình',1);

INSERT INTO user_role(userid,roleid) VALUES (1,1);
INSERT INTO user_role(userid,roleid) VALUES (2,2);
INSERT INTO user_role(userid,roleid) VALUES (3,2);

INSERT INTO `railway`.`slides` (`id`, `caption`, `content`, `img`) VALUES ('1', 'Twitter Bootstrap cart', 'Very easy to integrate and expand.', 'carousel3.png');
INSERT INTO `railway`.`slides` (`id`, `caption`, `content`, `img`) VALUES ('2', 'Bootstrap templates integration', 'Compitable to many more opensource cart', 'bootstrap-templates.png');
INSERT INTO `railway`.`slides` (`id`, `caption`, `content`, `img`) VALUES ('3', 'Bootstrap shopping cart', 'Very clean simple to use', 'bootstrap_free-ecommerce.png');
INSERT INTO `railway`.`slides` (`id`, `caption`, `content`, `img`) VALUES ('4', 'Bootstrap Ecommerce template', 'Highly Google seo friendly', 'carousel1.png');
INSERT INTO `railway`.`slides` (`id`, `img`) VALUES ('5', 'anh-bia-si-phu-kien-trang-suc-1.jpg');

INSERT INTO `railway`.`menus` (`id`, `name`, `url`) VALUES ('1', 'Trang Chủ', '/trang-chu');
INSERT INTO `railway`.`menus` (`id`, `name`, `url`) VALUES ('2', 'Sản Phẩm', '/san-pham');
INSERT INTO `railway`.`menus` (`id`, `name`, `url`) VALUES ('3', 'So Sánh', '/so-sanh');
INSERT INTO `railway`.`menus` (`id`, `name`, `url`) VALUES ('4', 'Giỏ Hàng', '/gio-hang');
INSERT INTO `railway`.`menus` (`id`, `name`) VALUES ('5', 'Bài Viết');
INSERT INTO `railway`.`menus` (`id`, `name`, `url`) VALUES ('6', 'Liên Hệ', '/lien-he');

